ID,Label
10001,0.45760000000000006
10002,0.24439999999999998
10003,0.4216000000000001
10004,0.4347999999999999
10005,0.5099999999999999
10006,0.12919999999999995
10007,0.28760000000000013
10008,0.3784000000000001
10009,0.5548
10010,0.5444000000000001
10011,0.7076
10012,0.7944000000000001
10013,0.732
10014,0.31200000000000006
10015,0.33840000000000003
10016,0.7044
10017,0.4208000000000001
10018,0.5891999999999998
10019,0.3524000000000001
10020,0.48440000000000016
10021,0.10000000000000003
10022,0.6068
10023,0.2880000000000001
10024,0.3284000000000002
10025,0.5416000000000002
10026,0.5652000000000001
10027,0.32599999999999996
10028,0.5547999999999998
10029,0.15479999999999997
10030,0.7912
10031,0.33120000000000005
10032,0.6936000000000001
10033,0.1064
10034,0.35719999999999996
10035,0.5144000000000001
10036,0.7051999999999999
10037,0.26
10038,0.18120000000000006
10039,0.5075999999999999
10040,0.31920000000000004
10041,0.15200000000000002
10042,0.306
10043,0.4616000000000002
10044,0.4536
10045,0.08560000000000004
10046,0.38920000000000016
10047,0.7168000000000001
10048,0.6788
10049,0.4952000000000002
10050,0.6531999999999999
10051,0.35999999999999993
10052,0.28359999999999996
10053,0.6480000000000001
10054,0.3796
10055,0.42920000000000014
10056,0.25440000000000007
10057,0.5936
10058,0.5583999999999999
10059,0.5523999999999999
10060,0.49119999999999986
10061,0.48440000000000005
10062,0.8484000000000002
10063,0.2836
10064,0.2432
10065,0.4480000000000001
10066,0.4868
10067,0.2588
10068,0.3047999999999999
10069,0.31279999999999997
10070,0.40520000000000017
10071,0.7048000000000001
10072,0.65
10073,0.12999999999999998
10074,0.6428
10075,0.35680000000000006
10076,0.22920000000000004
10077,0.2656
10078,0.6248
10079,0.3816000000000001
10080,0.16640000000000005
10081,0.15799999999999995
10082,0.8412000000000001
10083,0.2972
10084,0.234
10085,0.8604000000000004
10086,0.6812
10087,0.5232
10088,0.6144
10089,0.5508
10090,0.4948
10091,0.13640000000000002
10092,0.28320000000000006
10093,0.6659999999999998
10094,0.12919999999999995
10095,0.1184
10096,0.44920000000000015
10097,0.5271999999999999
10098,0.5592
10099,0.3332
10100,0.6979999999999998
10101,0.5611999999999999
10102,0.30440000000000006
10103,0.7012000000000002
10104,0.11959999999999996
10105,0.46080000000000026
10106,0.652
10107,0.632
10108,0.33080000000000015
10109,0.5583999999999999
10110,0.3084
10111,0.23800000000000002
10112,0.6124
10113,0.26280000000000003
10114,0.5656000000000001
10115,0.5428000000000001
10116,0.2584
10117,0.4796
10118,0.3708000000000001
10119,0.3131999999999999
10120,0.6316
10121,0.6936
10122,0.5871999999999997
10123,0.5567999999999997
10124,0.34360000000000007
10125,0.2812
10126,0.8011999999999999
10127,0.6751999999999999
10128,0.2052
10129,0.48
10130,0.718
10131,0.6908
10132,0.42279999999999995
10133,0.6811999999999998
10134,0.7432
10135,0.6851999999999998
10136,0.7419999999999999
10137,0.6223999999999998
10138,0.5168
10139,0.6668000000000001
10140,0.6968000000000001
10141,0.6871999999999998
10142,0.6456000000000001
10143,0.6404000000000001
10144,0.602
10145,0.16240000000000002
10146,0.6500000000000001
10147,0.176
10148,0.4364
10149,0.8244000000000002
10150,0.6284000000000002
10151,0.6063999999999999
10152,0.22520000000000004
10153,0.8004000000000001
10154,0.6524
10155,0.7032
10156,0.24600000000000005
10157,0.8752000000000001
10158,0.3620000000000001
10159,0.5095999999999999
10160,0.8340000000000003
10161,0.6871999999999997
10162,0.218
10163,0.46800000000000014
10164,0.7708000000000002
10165,0.6624
10166,0.3100000000000001
10167,0.7868000000000002
10168,0.8535999999999998
10169,0.7603999999999996
10170,0.8344000000000003
10171,0.8344000000000003
10172,0.7243999999999998
10173,0.9012
10174,0.6711999999999999
10175,0.8432
10176,0.9036000000000002
10177,0.18400000000000002
10178,0.1572
10179,0.5304
10180,0.6244000000000001
10181,0.9064000000000003
10182,0.6287999999999999
10183,0.3456000000000001
10184,0.5992000000000001
10185,0.7203999999999999
10186,0.8192000000000003
10187,0.24280000000000002
10188,0.43040000000000006
10189,0.6371999999999999
10190,0.4280000000000001
10191,0.6092
10192,0.7652000000000001
10193,0.1548
10194,0.5743999999999996
10195,0.6491999999999999
10196,0.3827999999999999
10197,0.38199999999999995
10198,0.7116
10199,0.6407999999999998
10200,0.4991999999999999
10201,0.6040000000000001
10202,0.6515999999999997
10203,0.43520000000000003
10204,0.6875999999999999
10205,0.35440000000000005
10206,0.28920000000000007
10207,0.14520000000000002
10208,0.5032
10209,0.7932000000000001
10210,0.6055999999999999
10211,0.5184
10212,0.6259999999999999
10213,0.25639999999999996
10214,0.6151999999999999
10215,0.3720000000000001
10216,0.43800000000000006
10217,0.30160000000000003
10218,0.5892
10219,0.3816000000000001
10220,0.7035999999999997
10221,0.7139999999999997
10222,0.8436
10223,0.8639999999999999
10224,0.8615999999999999
10225,0.5571999999999999
10226,0.6975999999999999
10227,0.6452
10228,0.26
10229,0.6043999999999999
10230,0.752
10231,0.7467999999999998
10232,0.2952000000000001
10233,0.41279999999999994
10234,0.5723999999999999
10235,0.34640000000000015
10236,0.5627999999999999
10237,0.1584
10238,0.8084000000000002
10239,0.17720000000000002
10240,0.4976
10241,0.6788
10242,0.8072000000000001
10243,0.6675999999999997
10244,0.22519999999999993
10245,0.31039999999999995
10246,0.4516000000000001
10247,0.6371999999999999
10248,0.5932
10249,0.5068
10250,0.5935999999999999
10251,0.6119999999999999
10252,0.6655999999999999
10253,0.5188
10254,0.6856000000000002
10255,0.24320000000000014
10256,0.6531999999999999
10257,0.8744
10258,0.4096000000000001
10259,0.2187999999999999
10260,0.38800000000000007
10261,0.6039999999999999
10262,0.5519999999999999
10263,0.6267999999999998
10264,0.6560000000000001
10265,0.7295999999999999
10266,0.5152
10267,0.24480000000000005
10268,0.6248
10269,0.5735999999999999
10270,0.38040000000000007
10271,0.3828000000000001
10272,0.7836000000000002
10273,0.4967999999999999
10274,0.8444000000000002
10275,0.8296000000000001
10276,0.9400000000000002
10277,0.6988
10278,0.7468000000000002
10279,0.7628
10280,0.9352000000000001
10281,0.4032
10282,0.7436
10283,0.8100000000000002
10284,0.8399999999999999
10285,0.8928
10286,0.6424000000000001
10287,0.9228000000000001
10288,0.6971999999999998
10289,0.5644
10290,0.6364
10291,0.6164000000000001
10292,0.8260000000000001
10293,0.8092000000000003
10294,0.5616
10295,0.6935999999999999
10296,0.6079999999999999
10297,0.2568000000000001
10298,0.4460000000000002
10299,0.5036
10300,0.41400000000000003
10301,0.8516000000000001
10302,0.4728000000000002
10303,0.8396000000000001
10304,0.8919999999999999
10305,0.2852
10306,0.8908000000000001
10307,0.3056000000000001
10308,0.3056000000000001
10309,0.5796
10310,0.7563999999999999
10311,0.7656000000000003
10312,0.7656000000000003
10313,0.5887999999999999
10314,0.6079999999999999
10315,0.7151999999999998
10316,0.572
10317,0.8108
10318,0.4887999999999999
10319,0.73
10320,0.2516
10321,0.6792
10322,0.4759999999999999
10323,0.6671999999999997
10324,0.7780000000000002
10325,0.4788
10326,0.7219999999999999
10327,0.6420000000000001
10328,0.4404000000000001
10329,0.5543999999999999
10330,0.5316
10331,0.5316
10332,0.6036
10333,0.5276000000000002
10334,0.25719999999999993
10335,0.38119999999999993
10336,0.2556
10337,0.17959999999999993
10338,0.5636000000000001
10339,0.6208000000000001
10340,0.9232000000000002
10341,0.24160000000000004
10342,0.3548000000000001
10343,0.5087999999999999
10344,0.2972
10345,0.5084000000000001
10346,0.5443999999999999
10347,0.6299999999999999
10348,0.5627999999999997
10349,0.266
10350,0.5752
10351,0.6563999999999998
10352,0.524
10353,0.29120000000000007
10354,0.4988
10355,0.4540000000000002
10356,0.6940000000000001
10357,0.6512000000000003
10358,0.42880000000000007
10359,0.5256
10360,0.4388000000000002
10361,0.604
10362,0.24440000000000006
10363,0.2484
10364,0.6744
10365,0.6128
10366,0.7663999999999999
10367,0.4916000000000001
10368,0.3296
10369,0.5183999999999999
10370,0.8780000000000001
10371,0.40800000000000014
10372,0.42000000000000015
10373,0.6796000000000002
10374,0.5452
10375,0.3176
10376,0.49760000000000004
10377,0.4911999999999999
10378,0.3184
10379,0.3672000000000001
10380,0.5004000000000002
10381,0.6167999999999998
10382,0.41120000000000007
10383,0.5368
10384,0.14320000000000005
10385,0.17919999999999997
10386,0.5536
10387,0.7528
10388,0.3840000000000002
10389,0.6736000000000001
10390,0.4004000000000001
10391,0.6307999999999998
10392,0.3240000000000001
10393,0.39559999999999995
10394,0.2155999999999999
10395,0.24039999999999995
10396,0.7011999999999997
10397,0.46959999999999996
10398,0.5151999999999999
10399,0.33480000000000004
10400,0.4991999999999999
10401,0.13119999999999998
10402,0.39359999999999995
10403,0.7091999999999997
10404,0.7443999999999998
10405,0.6259999999999999
10406,0.35760000000000014
10407,0.37360000000000004
10408,0.7867999999999999
10409,0.3104000000000001
10410,0.4712000000000001
10411,0.5904
10412,0.5936
10413,0.516
10414,0.35400000000000015
10415,0.4156000000000001
10416,0.5020000000000001
10417,0.47279999999999994
10418,0.1628
10419,0.5116
10420,0.31159999999999993
10421,0.6616
10422,0.5536
10423,0.4915999999999998
10424,0.36040000000000005
10425,0.5136
10426,0.6012
10427,0.036400000000000016
10428,0.17840000000000003
10429,0.08760000000000001
10430,0.7583999999999997
10431,0.5143999999999999
10432,0.2632
10433,0.514
10434,0.5668
10435,0.5100000000000001
10436,0.5004000000000001
10437,0.7195999999999998
10438,0.6703999999999999
10439,0.49879999999999997
10440,0.2632
10441,0.7055999999999999
10442,0.6559999999999999
10443,0.08960000000000001
10444,0.5224
10445,0.8724000000000001
10446,0.69
10447,0.4964
10448,0.488
10449,0.5192
10450,0.12399999999999999
10451,0.24760000000000001
10452,0.6871999999999997
10453,0.5371999999999999
10454,0.6724000000000001
10455,0.7212000000000001
10456,0.2208
10457,0.22519999999999998
10458,0.7212
10459,0.3140000000000001
10460,0.4867999999999999
10461,0.5244000000000002
10462,0.9268000000000001
10463,0.7879999999999999
10464,0.19640000000000002
10465,0.2844
10466,0.474
10467,0.2235999999999999
10468,0.2556
10469,0.5195999999999998
10470,0.6399999999999999
10471,0.37640000000000007
10472,0.9164000000000001
10473,0.6248
10474,0.5571999999999998
10475,0.04240000000000002
10476,0.7311999999999999
10477,0.7508000000000001
10478,0.5263999999999998
10479,0.26
10480,0.6263999999999998
10481,0.25000000000000006
10482,0.7008
10483,0.7696000000000001
10484,0.2948
10485,0.20199999999999999
10486,0.10560000000000003
10487,0.558
10488,0.8536
10489,0.45
10490,0.4968
10491,0.5731999999999998
10492,0.4376000000000001
10493,0.1292
10494,0.7680000000000002
10495,0.1704
10496,0.6516
10497,0.48560000000000003
10498,0.13719999999999996
10499,0.3536000000000001
10500,0.7860000000000004
10501,0.42840000000000017
10502,0.5403999999999999
10503,0.32080000000000014
10504,0.8912
10505,0.8280000000000001
10506,0.8280000000000003
10507,0.4764
10508,0.7403999999999997
10509,0.7687999999999999
10510,0.7019999999999998
10511,0.48160000000000003
10512,0.5839999999999997
10513,0.83
10514,0.7924000000000001
10515,0.8152000000000003
10516,0.7455999999999999
10517,0.6567999999999999
10518,0.5247999999999998
10519,0.7908000000000002
10520,0.5076000000000002
10521,0.3584000000000001
10522,0.7747999999999999
10523,0.7091999999999997
10524,0.6588
10525,0.11359999999999998
10526,0.21520000000000003
10527,0.33000000000000007
10528,0.4800000000000001
10529,0.4800000000000001
10530,0.3996000000000002
10531,0.1636
10532,0.6136
10533,0.4328000000000001
10534,0.3396000000000001
10535,0.544
10536,0.5216000000000002
10537,0.6611999999999999
10538,0.5484000000000001
10539,0.336
10540,0.5071999999999999
10541,0.6859999999999998
10542,0.3243999999999999
10543,0.6492
10544,0.8204000000000004
10545,0.24199999999999997
10546,0.7160000000000002
10547,0.6883999999999999
10548,0.6831999999999999
10549,0.35519999999999996
10550,0.3412000000000001
10551,0.114
10552,0.3636
10553,0.5388000000000001
10554,0.46320000000000017
10555,0.35640000000000016
10556,0.8296000000000001
10557,0.12879999999999994
10558,0.03240000000000001
10559,0.33159999999999995
10560,0.7587999999999998
10561,0.4196000000000001
10562,0.6716
10563,0.4987999999999999
10564,0.44600000000000006
10565,0.6424000000000001
10566,0.8775999999999999
10567,0.8156
10568,0.7512000000000001
10569,0.6411999999999999
10570,0.18040000000000003
10571,0.8615999999999999
10572,0.6392000000000001
10573,0.4108000000000001
10574,0.10959999999999999
10575,0.3956
10576,0.38720000000000004
10577,0.24359999999999996
10578,0.17679999999999998
10579,0.5587999999999999
10580,0.6939999999999997
10581,0.48400000000000015
10582,0.25920000000000004
10583,0.19079999999999997
10584,0.3760000000000001
10585,0.5632
10586,0.32439999999999997
10587,0.19920000000000002
10588,0.5795999999999999
10589,0.07960000000000006
10590,0.42280000000000006
10591,0.5488000000000001
10592,0.2108
10593,0.8859999999999999
10594,0.0952
10595,0.04960000000000002
10596,0.7148
10597,0.3028000000000001
10598,0.33720000000000006
10599,0.2084
10600,0.5915999999999997
10601,0.28159999999999996
10602,0.09480000000000002
10603,0.5932
10604,0.2452
10605,0.33240000000000014
10606,0.7352
10607,0.8656
10608,0.5656
10609,0.8424000000000003
10610,0.3892
10611,0.36400000000000005
10612,0.6051999999999997
10613,0.5436
10614,0.17479999999999996
10615,0.4404
10616,0.29640000000000005
10617,0.2536
10618,0.8520000000000003
10619,0.6471999999999999
10620,0.6471999999999999
10621,0.3776000000000001
10622,0.7704000000000001
10623,0.5615999999999998
10624,0.6063999999999998
10625,0.1072
10626,0.22239999999999996
10627,0.19799999999999998
10628,0.5847999999999999
10629,0.8080000000000002
10630,0.7416000000000003
10631,0.4848000000000001
10632,0.6116
10633,0.2328
10634,0.44280000000000025
10635,0.2868000000000001
10636,0.5651999999999999
10637,0.5748000000000001
10638,0.6655999999999999
10639,0.406
10640,0.3116000000000001
10641,0.7788
10642,0.7280000000000001
10643,0.38360000000000005
10644,0.25760000000000005
10645,0.4608000000000002
10646,0.10480000000000002
10647,0.19799999999999993
10648,0.36080000000000007
10649,0.5668
10650,0.7219999999999999
10651,0.5823999999999997
10652,0.37959999999999994
10653,0.7368000000000001
10654,0.31199999999999994
10655,0.5852
10656,0.6083999999999999
10657,0.5496
10658,0.7528
10659,0.5515999999999999
10660,0.5408000000000003
10661,0.6919999999999998
10662,0.6635999999999999
10663,0.8272000000000003
10664,0.6564000000000003
10665,0.6564000000000003
10666,0.6324000000000001
10667,0.8488000000000002
10668,0.4987999999999999
10669,0.2984
10670,0.4604
10671,0.5155999999999998
10672,0.5656
10673,0.512
10674,0.6612000000000002
10675,0.7624
10676,0.7736
10677,0.8195999999999999
10678,0.3200000000000001
10679,0.30800000000000005
10680,0.3968
10681,0.6175999999999999
10682,0.7756000000000001
10683,0.9063999999999999
10684,0.5884000000000001
10685,0.5723999999999999
10686,0.7704
10687,0.9028000000000002
10688,0.5920000000000001
10689,0.8564000000000002
10690,0.33440000000000014
10691,0.3820000000000001
10692,0.3820000000000001
10693,0.35039999999999993
10694,0.6819999999999999
10695,0.8888000000000001
10696,0.8112000000000004
10697,0.6936000000000001
10698,0.3524000000000001
10699,0.35559999999999997
10700,0.3620000000000001
10701,0.3592
10702,0.2639999999999999
10703,0.6067999999999998
10704,0.7015999999999997
10705,0.5811999999999999
10706,0.5831999999999998
10707,0.5227999999999999
10708,0.77
10709,0.7604
10710,0.8187999999999999
10711,0.5943999999999998
10712,0.4092000000000002
10713,0.6815999999999997
10714,0.8932000000000002
10715,0.3748000000000002
10716,0.6507999999999999
10717,0.5955999999999999
10718,0.8216000000000002
10719,0.8775999999999999
10720,0.6372
10721,0.5184000000000001
10722,0.6708000000000003
10723,0.7696000000000002
10724,0.31800000000000006
10725,0.4456000000000001
10726,0.3812000000000001
10727,0.8968
10728,0.20199999999999999
10729,0.28079999999999994
10730,0.3348000000000001
10731,0.5368
10732,0.7471999999999995
10733,0.6503999999999999
10734,0.7691999999999996
10735,0.7188000000000002
10736,0.8076000000000002
10737,0.7204
10738,0.17319999999999997
10739,0.7564
10740,0.1852
10741,0.43079999999999996
10742,0.37120000000000003
10743,0.18520000000000003
10744,0.1892
10745,0.4148000000000001
10746,0.17680000000000004
10747,0.20040000000000002
10748,0.6040000000000001
10749,0.7616
10750,0.5799999999999998
10751,0.6456000000000001
10752,0.39720000000000005
10753,0.7088000000000001
10754,0.6596
10755,0.2768
10756,0.42160000000000003
10757,0.6527999999999998
10758,0.3731999999999999
10759,0.7391999999999997
10760,0.14519999999999997
10761,0.30080000000000007
10762,0.556
10763,0.4736
10764,0.49199999999999994
10765,0.4260000000000001
10766,0.1876
10767,0.22119999999999995
10768,0.16399999999999998
10769,0.4176
10770,0.3304000000000001
10771,0.6135999999999998
10772,0.41519999999999996
10773,0.5424
10774,0.6851999999999999
10775,0.6175999999999999
10776,0.5075999999999999
10777,0.14319999999999997
10778,0.3324
10779,0.32159999999999994
10780,0.5503999999999999
10781,0.4528000000000001
10782,0.037600000000000015
10783,0.26039999999999996
10784,0.20079999999999998
10785,0.34080000000000005
10786,0.536
10787,0.07280000000000005
10788,0.7396000000000003
10789,0.38400000000000006
10790,0.32559999999999995
10791,0.30599999999999994
10792,0.19080000000000005
10793,0.2115999999999999
10794,0.6695999999999998
10795,0.6512
10796,0.134
10797,0.2724
10798,0.7284
10799,0.4380000000000001
10800,0.5264
10801,0.6508000000000002
10802,0.6415999999999998
10803,0.6976000000000002
10804,0.35
10805,0.4384000000000001
10806,0.6339999999999998
10807,0.7275999999999998
10808,0.5723999999999999
10809,0.4832
10810,0.5776
10811,0.34720000000000006
10812,0.4080000000000002
10813,0.1404
10814,0.5448000000000001
10815,0.5559999999999998
10816,0.5640000000000001
10817,0.8120000000000002
10818,0.4864
10819,0.6820000000000002
10820,0.3376000000000001
10821,0.43280000000000013
10822,0.2648000000000001
10823,0.6839999999999999
10824,0.5115999999999999
10825,0.21359999999999996
10826,0.2296
10827,0.3100000000000001
10828,0.5803999999999998
10829,0.32160000000000005
10830,0.17360000000000006
10831,0.5183999999999999
10832,0.09600000000000002
10833,0.5843999999999999
10834,0.5356000000000001
10835,0.3076000000000001
10836,0.3684000000000001
10837,0.8839999999999999
10838,0.49559999999999993
10839,0.2852
10840,0.4760000000000001
10841,0.25160000000000005
10842,0.24160000000000004
10843,0.15599999999999997
10844,0.18359999999999996
10845,0.09960000000000002
10846,0.11239999999999999
10847,0.1759999999999999
10848,0.46840000000000015
10849,0.5252
10850,0.1164
10851,0.4971999999999999
10852,0.5256
10853,0.6395999999999998
10854,0.5491999999999999
10855,0.23000000000000007
10856,0.46240000000000014
10857,0.04720000000000003
10858,0.4052
10859,0.4048000000000001
10860,0.38959999999999995
10861,0.2748
10862,0.46240000000000003
10863,0.6204
10864,0.5767999999999999
10865,0.6187999999999999
10866,0.8204000000000004
10867,0.43200000000000005
10868,0.36920000000000014
10869,0.18359999999999999
10870,0.6759999999999999
10871,0.6103999999999998
10872,0.3376000000000001
10873,0.4192000000000001
10874,0.6567999999999998
10875,0.4016000000000001
10876,0.0992
10877,0.20999999999999994
10878,0.7107999999999999
10879,0.5047999999999999
10880,0.6107999999999999
10881,0.5364000000000001
10882,0.32080000000000003
10883,0.4164000000000001
10884,0.8036
10885,0.4012000000000001
10886,0.7227999999999999
10887,0.17079999999999998
10888,0.19440000000000002
10889,0.4040000000000001
10890,0.5259999999999999
10891,0.1732
10892,0.6164
10893,0.6911999999999999
10894,0.5984
10895,0.5496
10896,0.23959999999999998
10897,0.47039999999999993
10898,0.6607999999999999
10899,0.48480000000000006
10900,0.9183999999999999
10901,0.4264000000000002
10902,0.7255999999999999
10903,0.838
10904,0.19519999999999998
10905,0.3868
10906,0.4424
10907,0.7543999999999998
10908,0.7388000000000001
10909,0.5084000000000001
10910,0.7511999999999999
10911,0.3992000000000001
10912,0.6908
10913,0.25480000000000014
10914,0.696
10915,0.21760000000000002
10916,0.3044
10917,0.5116
10918,0.22799999999999998
10919,0.5943999999999999
10920,0.4563999999999999
10921,0.5092
10922,0.40240000000000004
10923,0.4147999999999999
10924,0.6655999999999999
10925,0.6652000000000001
10926,0.7119999999999999
10927,0.7364
10928,0.7031999999999999
10929,0.6984
10930,0.6656
10931,0.5900000000000001
10932,0.7440000000000001
10933,0.8864000000000003
10934,0.6172
10935,0.236
10936,0.2868
10937,0.8011999999999999
10938,0.8299999999999998
10939,0.28919999999999996
10940,0.5136
10941,0.6168000000000001
10942,0.3964000000000001
10943,0.558
10944,0.7924000000000002
10945,0.8504000000000002
10946,0.6616
10947,0.6656000000000002
10948,0.3628000000000002
10949,0.6268
10950,0.7392000000000002
10951,0.7232000000000001
10952,0.6431999999999998
10953,0.7336000000000001
10954,0.5588
10955,0.6144
10956,0.5184000000000001
10957,0.2676
10958,0.7291999999999998
10959,0.19680000000000003
10960,0.3004
10961,0.8560000000000001
10962,0.7368000000000002
10963,0.4080000000000002
10964,0.6032
10965,0.6715999999999999
10966,0.6059999999999999
10967,0.1708
10968,0.4556000000000001
10969,0.7048000000000001
10970,0.46879999999999994
10971,0.25840000000000013
10972,0.6284000000000001
10973,0.5884
10974,0.7972000000000005
10975,0.7155999999999999
10976,0.49960000000000016
10977,0.7328000000000001
10978,0.4328000000000001
10979,0.6923999999999999
10980,0.2487999999999999
10981,0.6275999999999999
10982,0.6275999999999999
10983,0.2704
10984,0.7000000000000002
10985,0.7399999999999999
10986,0.6115999999999999
10987,0.6407999999999998
10988,0.18880000000000002
10989,0.6452
10990,0.20560000000000003
10991,0.3112000000000001
10992,0.6155999999999999
10993,0.6155999999999999
10994,0.49120000000000014
10995,0.5584
10996,0.13079999999999997
10997,0.6807999999999998
10998,0.8808
10999,0.5076
11000,0.34200000000000025
11001,0.20800000000000002
11002,0.4779999999999999
11003,0.11760000000000001
11004,0.596
11005,0.5120000000000001
11006,0.43560000000000004
11007,0.2632000000000001
11008,0.19440000000000004
11009,0.11000000000000001
11010,0.7596
11011,0.6043999999999999
11012,0.45519999999999994
11013,0.6711999999999999
11014,0.8071999999999998
11015,0.4420000000000001
11016,0.672
11017,0.7028
11018,0.546
11019,0.8308000000000001
11020,0.9344000000000001
11021,0.4008
11022,0.478
11023,0.2592
11024,0.7328000000000001
11025,0.2048
11026,0.6292
11027,0.5968
11028,0.6396
11029,0.7192000000000001
11030,0.7264
11031,0.7359999999999997
11032,0.6712
11033,0.32440000000000013
11034,0.6492000000000001
11035,0.5839999999999999
11036,0.38960000000000006
11037,0.7924000000000003
11038,0.2528
11039,0.4624000000000001
11040,0.5767999999999999
11041,0.42360000000000014
11042,0.7232000000000001
11043,0.2412
11044,0.5568000000000002
11045,0.7591999999999999
11046,0.6723999999999997
11047,0.268
11048,0.6796
11049,0.2952
11050,0.21240000000000003
11051,0.6648000000000001
11052,0.5851999999999999
11053,0.6824000000000001
11054,0.5467999999999998
11055,0.568
11056,0.6355999999999998
11057,0.17359999999999995
11058,0.29560000000000003
11059,0.44600000000000006
11060,0.6044000000000002
11061,0.8508
11062,0.7951999999999999
11063,0.7704000000000002
11064,0.31400000000000006
11065,0.6544000000000001
11066,0.2572
11067,0.19039999999999999
11068,0.6824000000000001
11069,0.6824000000000001
11070,0.4815999999999998
11071,0.9104000000000003
11072,0.5056
11073,0.17840000000000003
11074,0.5776
11075,0.43000000000000016
11076,0.504
11077,0.38640000000000013
11078,0.7876000000000002
11079,0.4967999999999999
11080,0.48960000000000004
11081,0.39280000000000004
11082,0.7688000000000001
11083,0.7888000000000004
11084,0.49640000000000023
11085,0.22999999999999995
11086,0.20719999999999994
11087,0.26799999999999996
11088,0.1352
11089,0.5516000000000001
11090,0.2872
11091,0.6087999999999999
11092,0.6675999999999997
11093,0.2924
11094,0.5843999999999999
11095,0.42040000000000005
11096,0.736
11097,0.7588000000000001
11098,0.7136
11099,0.6452000000000001
11100,0.8928000000000005
11101,0.7851999999999998
11102,0.7952000000000001
11103,0.6399999999999999
11104,0.2796
11105,0.28679999999999994
11106,0.6176
11107,0.22759999999999997
11108,0.7680000000000001
11109,0.44800000000000006
11110,0.7911999999999999
11111,0.7568000000000003
11112,0.7840000000000003
11113,0.7640000000000002
11114,0.14279999999999998
11115,0.7388000000000001
11116,0.2904
11117,0.5891999999999998
11118,0.18920000000000006
11119,0.6611999999999998
11120,0.18680000000000002
11121,0.6808000000000001
11122,0.6176
11123,0.15080000000000002
11124,0.5663999999999999
11125,0.9303999999999998
11126,0.5847999999999999
11127,0.4764
11128,0.17199999999999996
11129,0.5584
11130,0.6111999999999999
11131,0.4431999999999999
11132,0.392
11133,0.7956000000000003
11134,0.6648
11135,0.046400000000000025
11136,0.39240000000000025
11137,0.7844
11138,0.7268000000000001
11139,0.8372000000000003
11140,0.7495999999999999
11141,0.7495999999999999
11142,0.24360000000000004
11143,0.30160000000000003
11144,0.8816000000000002
11145,0.5108
11146,0.11479999999999997
11147,0.5319999999999999
11148,0.6724
11149,0.24240000000000003
11150,0.2548
11151,0.5947999999999998
11152,0.7212000000000001
11153,0.5663999999999999
11154,0.5431999999999998
11155,0.5768
11156,0.5611999999999999
11157,0.5416
11158,0.5096000000000002
11159,0.3220000000000001
11160,0.23639999999999997
11161,0.4907999999999999
11162,0.9356000000000003
11163,0.6304
11164,0.6871999999999998
11165,0.5979999999999998
11166,0.6968
11167,0.53
11168,0.828
11169,0.696
11170,0.7567999999999998
11171,0.5104
11172,0.4827999999999999
11173,0.6179999999999999
11174,0.5928
11175,0.6436000000000002
11176,0.6083999999999998
11177,0.6951999999999999
11178,0.6688000000000001
11179,0.1848
11180,0.5296
11181,0.34600000000000003
11182,0.7047999999999999
11183,0.8260000000000002
11184,0.7267999999999999
11185,0.36519999999999997
11186,0.42279999999999995
11187,0.6839999999999999
11188,0.35840000000000005
11189,0.6067999999999999
11190,0.7583999999999999
11191,0.4164
11192,0.1844
11193,0.34879999999999994
11194,0.5296000000000001
11195,0.8787999999999999
11196,0.9016000000000004
11197,0.4124000000000001
11198,0.7763999999999999
11199,0.4968
11200,0.4576000000000001
11201,0.7316000000000001
11202,0.5920000000000002
11203,0.5391999999999999
11204,0.8452000000000003
11205,0.2784000000000001
11206,0.4192000000000001
11207,0.8064
11208,0.6364
11209,0.045200000000000025
11210,0.5763999999999999
11211,0.4436
11212,0.6759999999999999
11213,0.392
11214,0.3904000000000002
11215,0.6728000000000002
11216,0.7483999999999998
11217,0.704
11218,0.708
11219,0.4188
11220,0.5611999999999999
11221,0.1408
11222,0.5448000000000001
11223,0.4544
11224,0.20559999999999998
11225,0.10600000000000001
11226,0.5392000000000001
11227,0.7155999999999999
11228,0.8536000000000001
11229,0.16319999999999996
11230,0.46840000000000015
11231,0.30319999999999997
11232,0.9012
11233,0.5408000000000001
11234,0.5464
11235,0.7112
11236,0.05680000000000003
11237,0.5728000000000001
11238,0.7152
11239,0.05440000000000003
11240,0.7844
11241,0.7483999999999998
11242,0.8836000000000004
11243,0.7556000000000003
11244,0.4396000000000001
11245,0.2696000000000002
11246,0.7928000000000003
11247,0.7872000000000001
11248,0.7283999999999999
11249,0.8108000000000003
11250,0.3864000000000001
11251,0.47040000000000026
11252,0.22320000000000007
11253,0.8480000000000003
11254,0.4344000000000001
11255,0.6624
11256,0.6731999999999999
11257,0.7712000000000003
11258,0.26160000000000005
11259,0.6040000000000001
11260,0.6003999999999999
11261,0.4416000000000001
11262,0.7123999999999998
11263,0.3836
11264,0.5272000000000001
11265,0.7068000000000002
11266,0.6096
11267,0.08920000000000003
11268,0.6235999999999998
11269,0.19440000000000002
11270,0.6015999999999998
11271,0.6132000000000001
11272,0.6456000000000001
11273,0.6908
11274,0.8172
11275,0.8172
11276,0.5368000000000002
11277,0.6447999999999999
11278,0.5547999999999998
11279,0.5828
11280,0.6124
11281,0.5700000000000002
11282,0.4064
11283,0.5484000000000001
11284,0.07440000000000004
11285,0.5816
11286,0.3884000000000001
11287,0.56
11288,0.4784000000000001
11289,0.314
11290,0.24039999999999995
11291,0.49120000000000014
11292,0.34440000000000004
11293,0.3987999999999999
11294,0.5395999999999999
11295,0.5444
11296,0.6300000000000001
11297,0.7256
11298,0.45520000000000005
11299,0.11959999999999997
11300,0.3452
11301,0.7232000000000001
11302,0.7159999999999997
11303,0.37080000000000013
11304,0.4984
11305,0.4732000000000001
11306,0.19919999999999993
11307,0.07280000000000005
11308,0.16839999999999997
11309,0.7444
11310,0.4099999999999999
11311,0.5912
11312,0.332
11313,0.8355999999999999
11314,0.7288
11315,0.8580000000000001
11316,0.7684000000000001
11317,0.9092
11318,0.6311999999999999
11319,0.34120000000000017
11320,0.12119999999999999
11321,0.6755999999999999
11322,0.5271999999999999
11323,0.2984
11324,0.6152000000000001
11325,0.6587999999999998
11326,0.3696000000000001
11327,0.7728000000000003
11328,0.33399999999999996
11329,0.3284
11330,0.7888000000000001
11331,0.2388000000000001
11332,0.10999999999999996
11333,0.34360000000000007
11334,0.514
11335,0.7048000000000001
11336,0.33680000000000004
11337,0.7467999999999998
11338,0.7467999999999998
11339,0.7416000000000001
11340,0.3632
11341,0.7036000000000001
11342,0.6944
11343,0.41880000000000017
11344,0.6324
11345,0.20159999999999997
11346,0.15439999999999998
11347,0.6368
11348,0.5596
11349,0.814
11350,0.48120000000000024
11351,0.14360000000000003
11352,0.4584000000000001
11353,0.9296000000000003
11354,0.8051999999999999
11355,0.8051999999999999
11356,0.2844
11357,0.1036
11358,0.10640000000000001
11359,0.606
11360,0.5244000000000001
11361,0.3592000000000001
11362,0.36080000000000007
11363,0.4044000000000001
11364,0.5903999999999998
11365,0.5979999999999999
11366,0.5147999999999999
11367,0.4512
11368,0.20919999999999994
11369,0.33120000000000005
11370,0.7884000000000002
11371,0.5355999999999999
11372,0.43360000000000015
11373,0.08880000000000003
11374,0.5072
11375,0.5876
11376,0.7519999999999998
11377,0.6215999999999999
11378,0.1868
11379,0.8131999999999999
11380,0.7223999999999998
11381,0.20600000000000004
11382,0.4036000000000003
11383,0.44840000000000013
11384,0.5136
11385,0.34640000000000015
11386,0.4199999999999999
11387,0.5236000000000002
11388,0.30440000000000006
11389,0.30440000000000006
11390,0.26960000000000006
11391,0.10119999999999997
11392,0.6355999999999999
11393,0.19719999999999996
11394,0.5711999999999998
11395,0.23640000000000005
11396,0.8632000000000001
11397,0.6523999999999998
11398,0.37920000000000015
11399,0.8184000000000001
11400,0.6927999999999997
11401,0.6404
11402,0.7980000000000002
11403,0.8012
11404,0.45000000000000023
11405,0.3088
11406,0.4544
11407,0.35199999999999987
11408,0.32880000000000004
11409,0.6184
11410,0.8172000000000001
11411,0.19399999999999998
11412,0.6847999999999999
11413,0.47960000000000025
11414,0.4104
11415,0.41240000000000004
11416,0.30519999999999997
11417,0.14279999999999998
11418,0.08800000000000002
11419,0.6483999999999998
11420,0.7804000000000001
11421,0.42800000000000016
11422,0.18800000000000006
11423,0.7204
11424,0.2620000000000002
11425,0.3168000000000001
11426,0.7604
11427,0.6824000000000001
11428,0.6988000000000002
11429,0.49040000000000006
11430,0.5020000000000002
11431,0.8743999999999998
11432,0.5015999999999999
11433,0.6947999999999999
11434,0.7844
11435,0.8503999999999999
11436,0.20679999999999998
11437,0.18600000000000003
11438,0.2944000000000001
11439,0.2944000000000001
11440,0.502
11441,0.30440000000000006
11442,0.17279999999999998
11443,0.18239999999999995
11444,0.21240000000000003
11445,0.42280000000000023
11446,0.24479999999999993
11447,0.25999999999999995
11448,0.3268000000000001
11449,0.564
11450,0.16719999999999996
11451,0.10279999999999999
11452,0.5564000000000001
11453,0.6727999999999998
11454,0.19119999999999998
11455,0.6432000000000001
11456,0.3864000000000001
11457,0.5504000000000001
11458,0.17679999999999998
11459,0.25120000000000003
11460,0.6832
11461,0.7247999999999999
11462,0.24280000000000004
11463,0.49079999999999985
11464,0.616
11465,0.8364000000000001
11466,0.5500000000000002
11467,0.5964
11468,0.26119999999999993
11469,0.37720000000000004
11470,0.7036
11471,0.6991999999999997
11472,0.4064000000000001
11473,0.15760000000000002
11474,0.6535999999999997
11475,0.24880000000000002
11476,0.5968000000000001
11477,0.1932
11478,0.5256
11479,0.586
11480,0.20280000000000004
11481,0.5995999999999999
11482,0.1956
11483,0.2532000000000001
11484,0.23359999999999995
11485,0.7824000000000002
11486,0.2416
11487,0.3500000000000001
11488,0.3524000000000001
11489,0.5432000000000001
11490,0.5776
11491,0.6835999999999999
11492,0.32000000000000006
11493,0.2516
11494,0.4336
11495,0.2248
11496,0.15199999999999994
11497,0.42000000000000015
11498,0.6343999999999997
11499,0.6675999999999997
11500,0.6452
11501,0.27160000000000006
11502,0.7483999999999998
11503,0.5768000000000001
11504,0.44800000000000006
11505,0.8195999999999999
11506,0.5988
11507,0.28959999999999997
11508,0.6075999999999999
11509,0.22560000000000002
11510,0.7707999999999998
11511,0.45160000000000006
11512,0.7703999999999998
11513,0.48279999999999995
11514,0.6383999999999999
11515,0.576
11516,0.5675999999999999
11517,0.36160000000000003
11518,0.4196000000000002
11519,0.3036000000000001
11520,0.2096
11521,0.18639999999999993
11522,0.06800000000000002
11523,0.15400000000000003
11524,0.3944
11525,0.342
11526,0.8256000000000003
11527,0.6047999999999999
11528,0.7772
11529,0.7760000000000001
11530,0.6072000000000001
11531,0.7287999999999998
11532,0.6415999999999998
11533,0.7976000000000001
11534,0.45359999999999995
11535,0.338
11536,0.4480000000000001
11537,0.7051999999999999
11538,0.6764
11539,0.32120000000000004
11540,0.3676
11541,0.6435999999999998
11542,0.6600000000000001
11543,0.25520000000000004
11544,0.35
11545,0.0952
11546,0.21199999999999997
11547,0.466
11548,0.7796000000000002
11549,0.07120000000000004
11550,0.47639999999999993
11551,0.7428
11552,0.7572
11553,0.5596
11554,0.5092000000000002
11555,0.43999999999999995
11556,0.36200000000000004
11557,0.3848000000000001
11558,0.3848000000000001
11559,0.6459999999999999
11560,0.5444000000000002
11561,0.5815999999999998
11562,0.6776000000000001
11563,0.8832000000000002
11564,0.5912
11565,0.8464
11566,0.7311999999999999
11567,0.7415999999999999
11568,0.4832000000000001
11569,0.7215999999999998
11570,0.6819999999999997
11571,0.6819999999999997
11572,0.17199999999999996
11573,0.12719999999999998
11574,0.1672
11575,0.10120000000000001
11576,0.4192000000000001
11577,0.5556
11578,0.2872000000000001
11579,0.33320000000000005
11580,0.5660000000000002
11581,0.5660000000000002
11582,0.3176
11583,0.44959999999999994
11584,0.14759999999999998
11585,0.6703999999999998
11586,0.7516000000000002
11587,0.3124
11588,0.6439999999999999
11589,0.4860000000000001
11590,0.24440000000000006
11591,0.6047999999999999
11592,0.5867999999999999
11593,0.4508
11594,0.5155999999999997
11595,0.6536000000000002
11596,0.7099999999999997
11597,0.596
11598,0.7799999999999998
